Seniority,Purchase_Propensity,CompanySize,Contactable,Action
9,2,306,0,-1
2,0,1352,2,-1
1,2,1216,2,-1
6,1,1242,0,-1
0,0,1067,2,-1
3,0,1269,2,-1
7,0,1144,1,1
2,2,1494,2,-1
6,2,165,0,-1
5,2,1455,2,-1
5,0,642,1,1
3,1,567,1,-1
5,0,1001,2,-1
4,0,1343,2,-1
4,1,690,0,-1
2,2,970,0,-1
3,1,1282,2,-1
4,2,116,0,-1
0,0,618,0,-1
7,0,880,0,-1
5,0,620,1,1
2,2,1063,1,1
3,1,1436,1,-1
2,1,1298,0,-1
0,2,385,1,-1
8,0,1188,0,-1
4,0,765,0,-1
5,1,1140,1,1
2,0,741,0,-1
3,0,437,0,-1
5,2,1298,0,-1
9,1,1458,2,-1
2,0,717,0,-1
8,1,80,1,1
1,0,634,2,-1
3,1,1159,1,-1
7,1,1397,2,-1
1,0,1197,2,-1
7,0,1337,2,-1
7,0,251,2,-1
4,0,941,1,1
8,2,899,2,-1
2,2,1296,2,-1
9,0,48,2,-1
2,1,1373,0,-1
1,1,865,2,-1
7,0,693,2,-1
3,1,659,2,-1
7,1,53,0,-1
2,1,912,1,-1
2,0,127,1,-1
3,0,89,0,-1
5,1,185,1,-1
9,2,1232,2,-1
6,1,948,1,1
1,0,1309,2,-1
5,0,1085,1,1
4,2,1463,2,-1
4,1,606,0,-1
7,1,271,0,-1
7,0,448,0,-1
2,1,374,0,-1
5,2,622,0,-1
7,0,924,0,-1
6,2,478,0,-1
4,0,1500,1,1
2,0,741,0,-1
4,2,606,2,-1
6,0,284,1,-1
9,0,1030,1,1
2,0,1211,0,-1
2,1,1367,0,-1
0,2,53,0,-1
4,1,1283,1,1
3,0,410,0,-1
5,0,1075,0,-1
5,1,1459,1,1
7,1,1190,1,1
2,1,1141,2,-1
6,0,116,1,-1
4,1,362,0,-1
2,1,1484,2,-1
1,2,506,1,-1
3,0,903,0,-1
4,0,339,1,-1
4,1,165,1,-1
9,0,879,1,1
2,0,194,2,-1
1,0,951,0,-1
4,2,349,0,-1
8,2,1442,1,1
0,1,412,2,-1
9,1,878,0,-1
6,2,88,1,1
4,1,141,0,-1
0,0,633,2,-1
6,1,612,2,-1
3,0,707,0,-1
5,1,1401,1,1
3,0,125,0,-1
4,1,448,2,-1
6,0,521,0,-1
4,2,286,1,1
5,2,1043,0,-1
2,2,690,1,1
3,2,1175,2,-1
5,1,176,2,-1
7,2,1298,2,-1
0,0,513,2,-1
4,2,153,0,-1
8,1,891,2,-1
2,2,1135,2,-1
2,0,729,2,-1
0,0,1065,2,-1
0,2,1293,1,1
2,0,1427,1,-1
5,0,506,0,-1
0,2,1097,2,-1
3,1,1108,0,-1
3,0,1405,2,-1
7,2,984,1,1
1,0,682,0,-1
3,0,1341,1,-1
6,0,17,1,-1
6,1,600,2,-1
9,2,1266,1,1
3,1,651,1,-1
4,2,464,2,-1
9,1,1068,2,-1
8,0,343,0,-1
9,2,531,1,1
9,1,190,0,-1
2,2,1134,0,-1
6,1,392,2,-1
4,1,1101,1,1
8,0,740,2,-1
8,2,761,0,-1
3,2,1426,1,1
1,2,1282,1,1
1,0,804,0,-1
3,0,861,1,-1
8,2,1327,1,1
2,2,545,0,-1
6,2,1335,1,1
4,1,506,0,-1
4,2,1195,1,1
4,1,422,1,-1
6,2,382,1,1
7,0,137,0,-1
6,2,27,1,1
0,1,840,1,-1
7,1,17,2,-1
1,0,566,2,-1
3,0,300,1,-1
9,2,10,0,-1
9,2,539,2,-1
5,0,778,1,1
5,2,218,1,1
8,0,438,1,1
9,0,223,0,-1
1,2,15,1,-1
1,0,999,1,-1
6,0,228,1,-1
3,1,824,2,-1
7,1,813,0,-1
7,0,1387,0,-1
5,2,1500,0,-1
4,1,253,0,-1
5,1,350,0,-1
6,0,1373,1,1
8,2,815,0,-1
2,1,1363,1,-1
8,2,919,2,-1
7,1,579,1,1
6,2,1092,1,1
2,0,1229,1,-1
8,2,514,0,-1
9,1,321,2,-1
1,1,755,1,-1
1,1,62,2,-1
4,2,91,0,-1
1,1,981,2,-1
3,0,323,0,-1
4,0,1102,0,-1
6,1,677,0,-1
3,2,68,2,-1
6,2,563,0,-1
4,1,300,2,-1
5,1,1122,1,1
2,0,859,0,-1
0,1,585,2,-1
9,2,978,1,1
7,1,1114,1,1
5,1,54,2,-1
4,0,871,1,1
6,0,93,0,-1
6,1,66,0,-1
6,2,506,0,-1
1,1,781,0,-1
8,1,95,2,-1
7,0,475,1,1
0,0,985,1,-1
6,2,1419,0,-1
8,2,1238,0,-1
1,0,264,2,-1
1,0,7,1,-1
3,0,620,0,-1
3,1,317,1,-1
9,0,121,2,-1
1,0,518,2,-1
2,0,724,2,-1
1,2,589,0,-1
9,0,1453,2,-1
0,1,1258,2,-1
8,1,560,1,1
3,2,420,1,-1
0,0,650,1,-1
6,1,594,1,1
8,2,774,2,-1
2,1,1446,2,-1
1,1,691,0,-1
2,0,446,2,-1
8,2,805,1,1
9,0,1342,0,-1
7,0,472,1,1
9,2,384,2,-1
3,0,180,1,-1
8,2,443,1,1
3,1,378,0,-1
4,0,1212,1,1
2,1,91,0,-1
4,0,1100,2,-1
6,1,119,0,-1
2,1,201,2,-1
2,0,228,1,-1
7,2,224,2,-1
1,0,1098,2,-1
9,0,1208,2,-1
0,2,1231,2,-1
7,0,844,2,-1
2,2,1488,1,1
8,1,314,1,1
8,2,700,2,-1
1,0,398,1,-1
9,1,1312,1,1
7,0,711,0,-1
4,0,975,2,-1
2,2,41,1,-1
9,1,117,1,1
5,2,781,0,-1
6,1,165,2,-1
5,2,1397,2,-1
8,1,731,1,1
1,1,17,1,-1
6,1,1018,0,-1
6,2,774,1,1
6,2,29,2,-1
5,0,115,2,-1
4,0,469,0,-1
0,1,1226,1,-1
9,1,298,0,-1
5,2,1422,0,-1
4,1,513,0,-1
1,2,275,1,-1
6,1,114,1,-1
4,1,696,2,-1
0,1,334,1,-1
9,1,270,0,-1
6,0,1269,1,1
4,2,364,1,1
9,0,619,0,-1
5,0,1087,2,-1
3,1,451,0,-1
1,2,551,0,-1
3,0,928,2,-1
5,2,1061,1,1
8,0,226,1,1
2,1,548,2,-1
6,1,304,1,-1
1,2,537,2,-1
4,2,147,2,-1
9,0,890,2,-1
8,2,155,2,-1
7,2,169,0,-1
8,1,1153,0,-1
0,0,416,1,-1
4,0,741,0,-1
2,1,289,0,-1
5,0,206,2,-1
8,2,660,1,1
2,0,994,1,-1
0,0,378,2,-1
8,0,882,2,-1
3,2,1062,2,-1
1,2,594,0,-1
1,0,424,0,-1
3,1,979,2,-1
8,1,591,2,-1
6,1,1204,2,-1
9,1,1280,1,1
5,2,1050,2,-1
1,1,1211,1,-1
9,1,416,1,1
1,2,979,0,-1
5,0,306,0,-1
6,0,8,1,-1
5,0,1216,2,-1
0,0,185,2,-1
1,1,700,0,-1
7,1,978,1,1
3,2,1242,1,1
8,1,495,0,-1
1,1,767,0,-1
7,1,1129,1,1
3,2,110,2,-1
5,1,1234,0,-1
4,0,427,1,-1
0,0,809,1,-1
1,2,778,1,1
7,2,47,1,1
6,0,629,1,1
2,2,278,2,-1
5,1,41,0,-1
1,1,1259,1,-1
2,2,213,1,-1
2,0,1038,0,-1
9,2,1018,0,-1
9,1,446,1,1
7,1,125,2,-1
7,2,734,0,-1
8,2,416,1,1
4,2,1240,1,1
7,0,1426,1,1
4,0,770,2,-1
9,2,31,1,1
5,0,651,2,-1
8,2,1122,1,1
6,2,415,0,-1
0,2,716,2,-1
0,2,1048,1,1
8,0,1289,2,-1
4,2,974,2,-1
9,2,849,2,-1
8,0,1169,2,-1
2,0,981,2,-1
2,1,1052,1,-1
6,1,486,0,-1
7,0,199,1,1
5,1,879,2,-1
6,1,486,0,-1
0,0,1096,2,-1
2,2,1493,2,-1
4,0,726,2,-1
5,1,107,0,-1
4,1,1345,1,1
6,0,922,2,-1
9,0,587,0,-1
7,0,1278,1,1
0,0,577,0,-1
1,0,816,1,-1
3,0,644,2,-1
6,0,1183,2,-1
9,0,980,1,1
1,0,1124,2,-1
5,1,181,1,-1
1,0,1444,0,-1
8,2,287,2,-1
8,1,548,1,1
0,2,508,1,-1
5,2,1268,1,1
7,1,849,1,1
9,0,716,1,1
1,1,1492,1,-1
0,0,997,2,-1
7,2,608,2,-1
1,0,1384,2,-1
4,0,1074,2,-1
1,1,388,2,-1
1,1,1342,2,-1
4,0,1307,1,1
4,0,1106,2,-1
8,1,1178,0,-1
6,0,1427,1,1
7,2,1310,1,1
2,1,7,2,-1
5,1,1319,0,-1
0,1,765,2,-1
0,0,620,2,-1
8,2,290,2,-1
8,2,753,0,-1
6,1,1413,2,-1
1,1,58,0,-1
6,2,170,1,1
0,0,654,2,-1
1,0,287,2,-1
3,2,385,2,-1
7,2,700,0,-1
7,0,1113,2,-1
6,0,414,0,-1
5,2,41,0,-1
4,1,28,1,-1
3,2,122,0,-1
4,0,1057,2,-1
2,1,967,2,-1
3,1,448,0,-1
6,1,1400,1,1
0,2,479,0,-1
5,1,58,1,-1
7,2,1290,1,1
3,2,520,1,1
5,0,581,1,1
8,2,29,0,-1
7,2,938,0,-1
7,2,1062,1,1
4,2,280,2,-1
6,1,186,0,-1
7,1,566,2,-1
9,0,583,2,-1
0,2,479,1,-1
8,0,617,0,-1
1,2,570,1,1
8,1,1219,1,1
6,2,1064,1,1
9,0,598,1,1
3,1,1073,2,-1
7,1,21,0,-1
0,0,829,2,-1
2,2,1193,2,-1
9,1,29,1,1
8,2,268,1,1
0,0,707,2,-1
7,0,1440,2,-1
4,1,407,0,-1
1,1,998,1,-1
0,2,567,0,-1
2,1,790,2,-1
5,1,345,0,-1
7,0,538,1,1
1,0,900,1,-1
2,1,1435,0,-1
8,0,1408,0,-1
1,2,939,1,1
3,0,978,0,-1
1,2,605,0,-1
6,0,1299,2,-1
1,2,157,0,-1
0,2,415,0,-1
1,2,484,2,-1
7,0,966,0,-1
2,2,379,0,-1
1,0,238,0,-1
1,0,1209,2,-1
0,1,456,0,-1
1,0,1095,2,-1
6,2,909,1,1
4,2,946,2,-1
3,0,1417,0,-1
1,0,176,1,-1
1,0,438,0,-1
4,0,545,1,1
1,0,340,2,-1
9,2,866,1,1
0,0,1142,2,-1
4,1,457,1,-1
9,1,134,0,-1
2,0,1491,0,-1
7,1,952,2,-1
8,1,694,1,1
7,1,1354,0,-1
0,0,18,1,-1
9,2,999,0,-1
6,1,1486,1,1
3,2,418,2,-1
2,1,635,0,-1
8,1,1040,2,-1
6,0,713,0,-1
9,0,288,2,-1
1,1,17,0,-1
7,0,41,2,-1
2,1,1198,2,-1
5,2,1116,0,-1
3,0,849,2,-1
3,0,1078,2,-1
9,0,1486,0,-1
8,1,30,1,1
6,2,313,2,-1
9,0,802,1,1
6,1,1394,1,1
9,0,1281,1,1
7,2,869,2,-1
0,0,218,0,-1
8,1,616,0,-1
1,0,1499,0,-1
7,0,1413,1,1
8,1,1066,0,-1
3,2,1483,1,1
6,0,426,2,-1
0,0,591,0,-1
9,0,908,1,1
1,2,1351,2,-1
2,1,770,2,-1
2,0,774,1,-1
8,1,1233,0,-1
8,0,1094,1,1
6,2,607,1,1
5,1,81,0,-1
8,0,1418,2,-1
6,1,1191,1,1
2,1,372,2,-1
6,0,684,0,-1
6,1,898,1,1
4,2,1027,1,1
8,2,1498,2,-1
8,1,643,0,-1
8,0,878,1,1
1,2,836,0,-1
4,1,770,0,-1
4,2,1411,0,-1
7,0,206,0,-1
7,1,220,1,1
3,2,1056,0,-1
3,0,727,2,-1
8,1,637,2,-1
4,0,282,0,-1
6,1,1411,0,-1
0,2,1465,1,1
3,2,1078,2,-1
9,2,1490,0,-1
2,1,268,1,-1
9,0,849,2,-1
3,2,1177,2,-1
3,0,566,0,-1
3,0,1274,1,-1
6,2,781,1,1
7,0,692,0,-1
4,2,384,0,-1
0,0,939,1,-1
7,0,19,2,-1
7,2,146,2,-1
6,1,1462,0,-1
2,0,562,1,-1
4,2,712,0,-1
3,0,22,1,-1
7,2,1003,2,-1
6,1,79,2,-1
3,0,404,1,-1
7,2,375,2,-1
1,2,538,1,1
0,0,1120,0,-1
5,1,426,1,-1
6,0,756,2,-1
0,2,1048,0,-1
1,2,1263,0,-1
6,0,644,1,1
0,1,199,0,-1
7,0,858,2,-1
0,2,1245,1,1
6,0,1299,0,-1
0,2,272,1,-1
3,0,955,1,-1
7,1,216,0,-1
3,2,928,2,-1
6,0,1434,0,-1
5,2,342,0,-1
3,1,1224,0,-1
5,0,859,2,-1
4,2,1338,2,-1
0,2,849,1,1
7,2,1242,2,-1
3,2,1468,0,-1
8,0,747,1,1
2,1,560,2,-1
4,0,65,0,-1
9,0,939,2,-1
9,1,21,1,1
5,1,1072,0,-1
5,0,827,0,-1
0,0,697,1,-1
3,0,1467,0,-1
7,0,382,2,-1
0,2,390,2,-1
8,1,13,2,-1
5,2,1092,2,-1
5,1,312,1,-1
5,1,608,2,-1
9,0,549,0,-1
8,2,17,0,-1
5,2,788,2,-1
0,1,375,0,-1
1,2,476,1,-1
9,2,341,2,-1
6,1,727,1,1
4,2,375,1,1
3,0,413,0,-1
6,2,776,0,-1
0,1,695,0,-1
8,1,221,2,-1
6,0,1280,2,-1
7,1,463,1,1
3,2,1009,1,1
3,1,683,0,-1
1,2,725,0,-1
9,2,1021,2,-1
0,0,1086,1,-1
3,2,1215,1,1
6,0,791,0,-1
4,0,737,1,1
7,1,477,0,-1
3,0,1350,1,-1
5,2,1173,1,1
1,1,1386,2,-1
7,1,742,1,1
4,0,1418,2,-1
8,2,150,0,-1
7,0,1207,0,-1
0,1,702,2,-1
0,2,296,0,-1
6,2,1425,1,1
3,2,1066,0,-1
4,2,360,1,1
7,0,1034,0,-1
8,0,172,1,1
2,1,1269,0,-1
7,2,1091,0,-1
9,1,465,2,-1
5,1,358,0,-1
7,0,556,2,-1
3,0,327,0,-1
3,0,709,1,-1
1,0,814,0,-1
6,1,1012,2,-1
0,2,575,2,-1
2,2,685,0,-1
4,2,573,0,-1
5,0,126,1,-1
9,2,1301,1,1
5,0,315,2,-1
8,1,61,1,1
3,1,808,2,-1
6,1,728,0,-1
3,2,421,0,-1
0,2,668,2,-1
5,2,256,0,-1
8,1,297,1,1
7,0,1470,2,-1
1,2,21,0,-1
4,2,242,0,-1
3,0,11,1,-1
8,0,391,1,1
4,1,467,2,-1
7,1,448,0,-1
2,1,721,2,-1
6,0,1170,1,1
1,1,97,2,-1
6,1,1491,2,-1
3,0,89,2,-1
0,1,1057,2,-1
8,1,17,2,-1
9,1,55,0,-1
0,2,980,1,1
2,1,445,1,-1
5,2,1397,0,-1
0,0,516,1,-1
7,1,48,1,1
7,1,132,0,-1
8,2,642,0,-1
9,2,1024,2,-1
8,0,373,1,1
1,1,581,2,-1
0,0,665,0,-1
5,0,112,1,-1
2,0,865,2,-1
0,2,839,1,1
9,0,1441,0,-1
7,0,257,0,-1
6,0,1497,2,-1
9,2,1151,2,-1
3,2,1272,0,-1
0,0,476,1,-1
6,0,1062,1,1
8,2,382,1,1
3,0,724,2,-1
4,0,879,1,1
7,2,1108,2,-1
8,2,1271,0,-1
7,1,1151,2,-1
3,2,34,2,-1
8,2,847,2,-1
1,1,398,0,-1
8,2,146,1,1
7,2,120,2,-1
7,0,159,0,-1
6,1,1293,1,1
9,2,657,2,-1
1,0,1461,1,-1
0,0,951,1,-1
6,0,50,1,-1
9,0,988,1,1
5,2,1371,2,-1
4,2,1468,2,-1
8,0,1179,2,-1
0,2,1335,0,-1
2,0,975,0,-1
5,0,1402,1,1
8,2,182,1,1
9,0,178,1,1
3,2,1025,0,-1
5,2,157,1,1
5,1,1224,0,-1
2,0,186,1,-1
9,2,75,0,-1
6,0,39,2,-1
0,1,893,1,-1
3,1,1299,1,-1
5,1,617,1,1
9,0,182,1,1
0,1,775,1,-1
5,1,1,1,-1
3,0,909,0,-1
9,1,54,1,1
6,0,528,0,-1
1,1,1165,2,-1
7,2,500,1,1
0,2,113,1,-1
6,1,929,2,-1
3,0,820,0,-1
7,0,823,0,-1
2,1,65,2,-1
6,2,336,1,1
6,0,627,2,-1
8,2,417,1,1
1,2,436,2,-1
1,0,973,1,-1
7,1,611,2,-1
4,1,1032,2,-1
0,1,590,0,-1
6,1,798,2,-1
3,1,352,1,-1
6,1,434,1,-1
9,2,688,1,1
3,1,746,2,-1
3,0,420,2,-1
3,0,408,2,-1
7,2,1140,2,-1
1,0,1285,1,-1
5,1,1326,0,-1
6,1,332,0,-1
6,0,848,2,-1
4,0,760,2,-1
5,2,1265,1,1
1,1,236,1,-1
5,2,810,0,-1
8,0,1099,0,-1
0,1,180,2,-1
0,2,344,2,-1
4,0,282,0,-1
0,1,746,0,-1
6,0,1473,1,1
3,1,1119,1,-1
4,2,211,2,-1
5,0,58,2,-1
8,2,1448,0,-1
0,1,835,1,-1
3,2,1146,1,1
9,1,1047,2,-1
3,2,260,0,-1
1,0,1287,1,-1
9,1,817,0,-1
8,2,464,1,1
4,1,1422,0,-1
8,0,1139,2,-1
1,1,206,1,-1
3,2,1030,1,1
8,0,512,0,-1
8,0,474,0,-1
5,0,598,2,-1
0,1,69,0,-1
0,0,1138,0,-1
1,0,1051,0,-1
4,2,663,2,-1
6,0,112,1,-1
4,0,1374,2,-1
1,2,592,0,-1
3,2,419,1,-1
5,2,1455,0,-1
4,0,1104,2,-1
8,2,1028,2,-1
4,0,655,1,1
0,0,24,2,-1
8,0,1469,0,-1
0,1,967,0,-1
7,2,1219,2,-1
6,2,556,1,1
3,1,67,2,-1
8,1,1141,2,-1
7,0,333,0,-1
3,1,1354,2,-1
0,2,758,2,-1
3,1,124,1,-1
4,2,1,1,1
0,2,1174,2,-1
9,0,1313,2,-1
6,0,421,1,-1
0,2,103,2,-1
6,2,1250,1,1
3,2,1419,2,-1
9,1,410,2,-1
8,1,585,1,1
3,1,1344,0,-1
4,0,540,1,1
0,1,125,1,-1
4,1,1181,0,-1
2,0,1094,1,-1
2,2,779,2,-1
3,2,566,2,-1
7,1,401,2,-1
4,2,1102,2,-1
7,0,228,2,-1
4,0,611,2,-1
5,2,717,0,-1
7,0,592,1,1
0,2,181,0,-1
7,2,714,0,-1
9,1,1431,1,1
9,1,4,0,-1
8,0,778,1,1
0,2,318,0,-1
3,1,1239,0,-1
9,0,1442,0,-1
4,1,1498,1,1
8,0,971,1,1
6,1,1278,1,1
5,1,922,1,1
5,1,1437,2,-1
0,0,690,1,-1
5,0,651,1,1
8,0,1038,1,1
7,0,1170,0,-1
3,2,921,1,1
3,2,375,0,-1
0,1,257,1,-1
5,1,1071,2,-1
1,1,1242,1,-1
4,2,454,0,-1
3,0,1137,1,-1
2,1,187,1,-1
9,1,736,2,-1
1,2,865,0,-1
5,0,899,0,-1
4,1,1244,2,-1
7,2,1046,0,-1
2,1,796,0,-1
2,0,1388,1,-1
6,1,33,1,-1
5,2,1459,0,-1
7,1,1152,2,-1
1,2,755,0,-1
9,0,327,0,-1
8,2,1381,0,-1
7,0,701,0,-1
1,0,1386,1,-1
2,1,230,1,-1
1,0,607,1,-1
7,0,286,1,1
7,2,957,1,1
0,1,971,2,-1
1,0,1384,1,-1
9,0,39,1,1
8,1,159,1,1
2,0,151,2,-1
1,0,1140,2,-1
6,0,1468,0,-1
5,2,994,1,1
8,2,125,2,-1
8,0,1068,0,-1
6,1,228,1,-1
0,2,1478,2,-1
1,0,1025,1,-1
3,1,848,2,-1
4,2,150,2,-1
6,2,14,2,-1
6,2,997,2,-1
8,1,579,2,-1
7,2,1484,1,1
8,0,1446,1,1
9,0,256,1,1
4,2,318,0,-1
9,1,1235,0,-1
4,1,766,1,1
2,0,1285,1,-1
9,2,719,0,-1
9,2,1377,2,-1
7,0,924,2,-1
0,0,743,0,-1
6,1,1195,2,-1
1,2,1392,2,-1
7,2,271,1,1
9,1,1283,0,-1
9,1,643,2,-1
7,1,1287,0,-1
9,1,511,0,-1
4,2,725,2,-1
9,2,815,2,-1
3,0,1293,2,-1
6,2,318,1,1
9,0,153,1,1
3,1,156,2,-1
1,0,1259,0,-1
5,2,711,0,-1
1,1,740,1,-1
2,2,719,2,-1
7,0,233,0,-1
1,0,453,2,-1
7,1,59,2,-1
3,2,796,1,1
9,0,570,2,-1
3,0,379,1,-1
9,0,677,1,1
9,1,602,0,-1
6,1,35,2,-1
9,2,25,1,1
0,2,1056,0,-1
3,0,806,1,-1
1,0,564,1,-1
0,2,690,2,-1
1,1,659,2,-1
6,2,1095,2,-1
1,2,341,0,-1
4,2,1172,2,-1
7,2,1061,0,-1
4,2,1113,0,-1
2,0,48,1,-1
3,2,801,1,1
7,1,634,1,1
7,2,969,2,-1
1,1,1299,1,-1
6,0,258,2,-1
6,0,85,1,-1
3,1,311,2,-1
3,1,805,0,-1
3,2,758,0,-1
2,0,1018,2,-1
2,0,995,0,-1
7,2,1190,0,-1
6,1,56,2,-1
0,2,88,0,-1
1,2,628,2,-1
4,1,578,2,-1
7,1,85,0,-1
2,2,1010,0,-1
8,2,424,1,1
5,2,966,0,-1
1,2,575,2,-1
0,0,769,2,-1
9,1,530,0,-1
6,1,275,0,-1
5,2,608,1,1
4,2,442,1,1
8,2,369,2,-1
0,2,963,2,-1
7,2,531,1,1
0,1,347,0,-1
1,1,825,0,-1
4,1,1420,0,-1
0,1,288,2,-1
8,0,1023,0,-1
8,2,241,2,-1
8,0,388,0,-1
9,1,650,1,1
5,1,26,2,-1
6,2,1085,2,-1
3,0,115,2,-1
5,1,781,0,-1
1,0,188,1,-1
2,2,231,1,-1
6,1,780,1,1
0,1,830,1,-1
6,2,569,0,-1
6,2,709,2,-1
0,0,523,2,-1
3,2,224,2,-1
8,2,106,2,-1
0,1,1288,0,-1
5,1,209,1,-1
2,0,463,1,-1
9,0,280,0,-1
5,1,939,0,-1
3,2,1215,0,-1
4,1,347,1,-1
7,2,1310,2,-1
6,0,840,0,-1
9,2,703,0,-1
5,0,1364,1,1
8,0,728,1,1
7,0,790,0,-1
0,0,1494,1,-1
8,0,861,1,1
2,2,1327,1,1
1,0,941,2,-1
4,2,757,0,-1
8,1,1275,1,1
6,0,141,1,-1
8,2,1331,1,1
5,0,214,2,-1
4,0,956,1,1
2,1,537,1,-1
1,0,694,0,-1
7,2,1391,0,-1
5,1,891,0,-1
3,2,267,2,-1
5,1,1109,0,-1
2,0,657,0,-1
2,1,784,1,-1
1,2,1028,1,1
4,2,465,1,1
5,0,930,1,1
2,1,961,1,-1
3,0,1049,0,-1
2,1,1340,1,-1
9,2,579,0,-1
3,2,521,2,-1
9,1,1210,2,-1
2,2,2,1,-1
5,1,15,0,-1
7,1,1337,1,1
5,0,505,1,-1
0,2,1480,1,1
5,0,382,1,-1
7,2,1305,2,-1
8,0,1464,1,1
7,2,304,2,-1
4,0,1116,2,-1
0,2,1411,0,-1
7,1,1071,2,-1
0,2,241,1,-1
7,2,405,1,1
0,1,971,2,-1
6,1,748,1,1
9,2,749,2,-1
3,0,1081,0,-1
7,1,950,0,-1
7,1,654,1,1
2,1,891,0,-1
7,0,1076,1,1
5,0,1161,2,-1
8,0,1333,0,-1
8,0,1115,0,-1
0,0,661,0,-1
8,1,544,0,-1
1,1,209,0,-1
3,0,1232,0,-1
9,0,1121,2,-1
6,0,939,0,-1
0,2,173,0,-1
0,2,28,1,-1
2,2,410,0,-1
8,2,1061,1,1
2,2,1214,2,-1
2,2,429,1,-1
5,1,1160,1,1
0,1,281,1,-1
0,1,281,2,-1
3,0,1065,0,-1
1,1,1338,0,-1
4,2,1050,2,-1
8,0,693,1,1
9,1,480,1,1
9,2,720,2,-1
5,2,650,0,-1
9,0,87,0,-1
2,1,1103,2,-1
5,2,1025,1,1
4,0,180,2,-1
2,1,1422,2,-1
3,2,1357,0,-1
3,2,994,0,-1
6,1,209,0,-1
2,1,1385,2,-1
7,1,660,0,-1
0,2,1475,2,-1
8,2,881,0,-1
2,1,1393,2,-1
9,2,1280,1,1
7,2,136,1,1
5,0,596,0,-1
2,0,1195,0,-1
3,2,473,0,-1
1,0,1088,0,-1
8,2,97,2,-1
3,1,523,1,-1
7,2,1136,0,-1
9,1,984,2,-1
1,0,1377,2,-1
6,1,109,1,-1
4,2,601,0,-1
1,1,897,2,-1
3,0,107,1,-1
1,0,23,0,-1
9,1,731,2,-1
9,2,1243,1,1
6,2,16,2,-1
9,1,1128,0,-1
8,0,475,1,1
9,1,803,1,1
0,0,167,1,-1
3,0,539,1,-1
4,1,1425,0,-1
2,0,603,2,-1
0,0,362,2,-1
2,1,624,0,-1
1,0,469,2,-1
7,1,1456,1,1
0,2,100,0,-1
8,0,1159,1,1
3,0,733,2,-1
7,1,540,2,-1
3,0,116,2,-1
7,0,1345,0,-1
7,0,280,1,1
5,2,1086,1,1
5,1,691,1,1
2,0,320,1,-1
9,0,1108,1,1
7,0,866,0,-1
9,1,793,1,1
9,1,727,1,1
4,2,1353,1,1
6,0,1260,1,1
4,1,349,0,-1
8,1,1149,0,-1
0,1,740,0,-1
2,2,1115,1,1
0,1,1142,1,-1
3,1,881,1,-1
4,1,388,0,-1
6,1,622,0,-1
1,1,951,2,-1
7,2,1372,1,1
6,1,570,0,-1
7,1,555,0,-1
9,1,32,0,-1
7,1,897,2,-1
6,1,970,2,-1
6,0,645,2,-1
7,0,36,1,1
6,2,1321,0,-1
2,1,306,2,-1
7,1,48,2,-1
9,2,529,0,-1
7,2,848,0,-1
3,0,1280,0,-1
5,0,133,0,-1
0,2,1182,0,-1
3,0,875,0,-1
8,0,1488,1,1
3,0,863,0,-1
9,2,161,2,-1
0,0,1006,2,-1
0,1,1491,1,-1
2,1,148,1,-1
2,1,782,1,-1
5,1,562,0,-1
4,0,625,0,-1
4,2,457,0,-1
0,0,1018,0,-1
4,0,1223,1,1
7,1,177,1,1
2,1,672,0,-1
1,1,518,2,-1
3,2,1109,2,-1
2,1,458,0,-1
2,0,1365,2,-1
7,0,784,1,1
0,1,1344,2,-1
9,1,110,2,-1
6,2,162,2,-1
4,0,17,2,-1
7,2,700,2,-1
7,2,1486,1,1
7,2,1128,1,1
4,1,265,1,-1
1,0,211,2,-1
3,1,280,0,-1
6,2,1225,1,1
6,1,954,0,-1
1,0,806,2,-1
4,2,141,0,-1
6,1,914,1,1
8,0,1088,1,1
7,2,1479,2,-1
4,2,1372,2,-1
3,1,170,0,-1
9,2,694,0,-1
0,1,736,0,-1
6,2,747,1,1
6,0,1433,2,-1
1,0,931,0,-1
0,0,790,0,-1
9,0,702,2,-1
4,2,1120,0,-1
5,0,298,1,-1
1,2,1360,2,-1
9,2,961,2,-1
8,1,412,0,-1
1,1,950,1,-1
6,2,419,2,-1
7,1,416,2,-1
2,2,105,0,-1
1,2,1058,1,1
4,2,669,0,-1
5,1,901,1,1
6,2,996,2,-1
4,2,1499,1,1
2,0,803,2,-1
7,1,852,1,1
8,1,3,1,1
8,0,1034,2,-1
1,0,1087,0,-1
8,0,760,2,-1
2,0,164,0,-1
2,0,8,2,-1
0,1,1235,0,-1
8,0,277,2,-1
1,0,826,2,-1
5,2,675,1,1
2,2,1222,2,-1
9,0,333,0,-1
3,0,432,0,-1
3,1,280,0,-1
3,2,579,0,-1
4,0,393,0,-1
7,0,1396,0,-1
2,0,1282,2,-1
0,1,881,0,-1
7,0,804,1,1
0,0,201,2,-1
9,0,850,0,-1
8,1,611,0,-1
6,0,1253,1,1
8,2,1382,2,-1
6,0,1342,2,-1
7,1,1341,1,1
3,0,1064,0,-1
3,0,28,2,-1
4,0,455,2,-1
4,0,1382,0,-1
1,2,1475,1,1
0,1,128,0,-1
0,2,563,2,-1
8,1,433,2,-1
0,0,147,1,-1
1,1,1087,1,-1
8,1,743,0,-1
6,0,819,2,-1
4,1,1299,1,1
6,1,991,2,-1
1,1,817,0,-1
1,0,363,0,-1
1,0,1279,0,-1
8,0,204,2,-1
8,0,682,0,-1
4,0,660,0,-1
3,1,219,1,-1
7,0,339,1,1
3,2,91,2,-1
7,0,463,0,-1
9,1,683,2,-1
0,2,243,1,-1
1,2,795,1,1
2,0,905,2,-1
7,1,1120,0,-1
2,1,304,0,-1
9,0,661,0,-1
2,1,333,2,-1
6,2,1016,1,1
1,0,1448,0,-1
1,2,17,2,-1
4,2,37,2,-1
1,0,72,0,-1
3,1,461,0,-1
4,1,151,1,-1
7,2,281,0,-1
1,0,880,1,-1
5,1,546,0,-1
0,0,1261,1,-1
5,0,1386,1,1
7,2,1004,1,1
0,1,1165,1,-1
6,2,709,0,-1
9,1,1038,2,-1
6,2,1017,1,1
7,2,979,1,1
2,0,1475,0,-1
6,0,1361,1,1
8,2,950,2,-1
2,2,607,1,1
6,0,593,0,-1
3,0,67,0,-1
5,0,684,1,1
4,1,827,2,-1
1,0,757,1,-1
5,2,704,2,-1
9,0,1098,2,-1
8,1,1450,0,-1
1,2,793,2,-1
6,2,1106,1,1
8,0,695,2,-1
3,2,294,0,-1
1,1,578,2,-1
5,2,881,0,-1
7,1,745,0,-1
2,2,216,1,-1
2,0,432,2,-1
8,1,228,0,-1
5,2,730,1,1
5,1,462,0,-1
0,0,1205,0,-1
7,1,1093,1,1
1,1,969,2,-1
3,0,826,2,-1
0,1,310,2,-1
3,2,1373,1,1
6,0,691,1,1
7,0,1097,1,1
4,0,794,2,-1
7,1,1486,0,-1
5,2,824,2,-1
1,1,944,2,-1
5,1,1427,0,-1
3,0,1303,1,-1
9,2,581,1,1
7,1,442,2,-1
2,1,524,2,-1
1,1,1311,1,-1
5,2,382,2,-1
1,1,91,0,-1
1,2,1430,0,-1
0,0,206,2,-1
6,2,953,1,1
9,0,445,0,-1
2,0,645,2,-1
9,1,52,1,1
9,2,406,0,-1
5,1,1299,2,-1
5,0,1141,2,-1
4,0,760,1,1
7,2,1381,1,1
9,1,1192,1,1
4,2,1472,2,-1
3,2,97,0,-1
6,2,897,0,-1
5,2,1388,2,-1
3,1,747,0,-1
4,2,447,0,-1
1,0,244,2,-1
9,0,1118,0,-1
8,0,687,2,-1
5,0,1498,1,1
2,2,1319,2,-1
3,0,537,2,-1
4,2,695,1,1
7,0,1217,0,-1
4,0,716,1,1
1,0,648,0,-1
0,2,353,1,-1
8,2,1117,0,-1
2,1,500,0,-1
7,0,408,0,-1
2,2,1159,1,1
0,0,481,2,-1
2,0,893,1,-1
6,1,1491,2,-1
1,1,1306,2,-1
4,0,820,2,-1
5,1,864,2,-1
4,1,1124,2,-1
4,0,588,1,1
4,0,453,1,-1
4,1,48,0,-1
5,2,487,2,-1
4,2,121,0,-1
3,1,538,0,-1
7,0,69,0,-1
3,0,170,2,-1
6,2,712,1,1
6,2,1260,0,-1
0,0,741,0,-1
2,1,453,1,-1
7,0,1470,0,-1
8,0,952,2,-1
6,1,904,0,-1
6,2,108,1,1
5,0,867,1,1
8,2,1236,0,-1
3,0,246,1,-1
5,2,456,0,-1
9,1,1378,2,-1
2,2,1316,2,-1
0,0,891,2,-1
5,2,1428,0,-1
5,1,101,1,-1
2,1,242,0,-1
0,2,398,0,-1
1,0,705,0,-1
2,2,496,1,-1
2,0,442,2,-1
3,0,406,1,-1
8,0,430,2,-1
0,2,116,1,-1
4,1,170,0,-1
1,1,634,1,-1
1,0,1156,0,-1
4,0,312,2,-1
1,2,693,1,1
6,1,227,1,-1
2,0,1113,1,-1
6,2,1403,0,-1
6,0,159,2,-1
3,1,1268,2,-1
1,1,932,2,-1
6,1,983,0,-1
0,2,1164,0,-1
2,1,1227,1,-1
1,1,128,2,-1
1,0,1244,0,-1
4,0,125,1,-1
8,1,1420,0,-1
7,0,338,2,-1
1,0,949,1,-1
6,1,768,1,1
2,2,407,2,-1
0,0,1245,0,-1
6,1,87,2,-1
4,0,748,1,1
7,0,641,1,1
4,2,447,1,1
6,2,110,0,-1
6,0,327,1,-1
1,2,564,1,1
1,0,1381,1,-1
8,0,1417,0,-1
3,1,98,0,-1
9,1,421,1,1
1,0,994,0,-1
1,2,992,2,-1
2,1,639,0,-1
4,1,1350,2,-1
5,2,1460,1,1
9,1,435,1,1
9,1,436,0,-1
4,1,476,2,-1
0,2,1160,0,-1
2,1,431,0,-1
8,1,523,2,-1
5,1,654,2,-1
5,0,1408,1,1
7,2,1454,0,-1
3,2,405,1,-1
4,1,582,0,-1
0,2,1002,0,-1
9,2,493,0,-1
2,0,555,2,-1
4,1,1407,1,1
9,0,361,2,-1
9,1,1428,2,-1
0,2,1144,2,-1
6,2,19,2,-1
7,0,69,0,-1
0,1,886,1,-1
3,1,486,2,-1
9,0,905,1,1
3,1,1119,0,-1
3,2,439,1,-1
9,1,135,1,1
9,2,782,2,-1
6,0,763,1,1
0,0,757,2,-1
1,2,637,0,-1
4,1,660,0,-1
7,1,102,2,-1
1,0,891,1,-1
3,1,212,2,-1
0,1,698,0,-1
4,0,1106,1,1
0,1,847,0,-1
6,1,1232,0,-1
4,1,717,0,-1
8,1,698,0,-1
2,0,660,0,-1
1,1,379,2,-1
2,1,476,0,-1
8,0,238,1,1
3,1,541,1,-1
7,1,1126,1,1
9,1,750,1,1
0,2,228,1,-1
7,2,428,1,1
5,1,1026,1,1
1,1,138,2,-1
4,2,1139,0,-1
2,2,1219,2,-1
0,1,607,1,-1
6,0,866,2,-1
0,0,284,0,-1
2,1,1329,2,-1
5,2,266,0,-1
1,1,192,0,-1
1,1,161,2,-1
0,0,484,0,-1
7,0,648,1,1
5,0,961,1,1
8,2,544,1,1
2,1,675,1,-1
2,2,62,1,-1
8,0,288,0,-1
3,2,34,1,-1
8,0,228,0,-1
6,1,328,1,-1
3,1,808,2,-1
8,2,1455,1,1
1,2,1274,2,-1
1,1,466,1,-1
4,0,712,1,1
5,1,758,2,-1
5,2,971,0,-1
5,0,1281,0,-1
1,1,698,1,-1
7,0,793,0,-1
1,1,1085,1,-1
0,0,479,2,-1
3,0,79,2,-1
7,1,590,0,-1
1,0,1465,0,-1
6,0,483,2,-1
6,0,1210,0,-1
3,1,1151,2,-1
2,0,624,1,-1
1,1,731,1,-1
5,1,1015,1,1
7,2,932,0,-1
9,2,800,0,-1
2,1,671,2,-1
8,1,97,2,-1
1,0,456,0,-1
8,1,293,0,-1
7,1,1007,2,-1
3,0,1380,1,-1
0,1,141,2,-1
0,1,1382,1,-1
2,2,895,1,1
9,0,1418,1,1
8,2,411,2,-1
2,1,797,0,-1
3,2,1158,1,1
8,0,903,1,1
8,2,233,0,-1
8,0,595,1,1
7,1,1482,0,-1
5,1,118,0,-1
1,1,682,2,-1
3,1,1261,2,-1
2,2,1080,0,-1
4,0,273,0,-1
7,0,723,1,1
2,2,1018,2,-1
2,2,656,1,1
3,0,1211,2,-1
4,2,222,2,-1
7,0,265,1,1
5,2,311,2,-1
3,2,106,2,-1
8,1,1427,2,-1
9,0,630,0,-1
3,0,958,0,-1
8,1,1254,1,1
5,2,230,1,1
8,2,405,0,-1
0,2,1492,1,1
2,0,474,2,-1
0,2,1403,0,-1
6,0,1143,1,1
4,0,739,2,-1
5,0,1017,0,-1
7,1,686,0,-1
1,1,1418,2,-1
2,2,104,2,-1
5,0,710,2,-1
9,2,836,1,1
2,0,526,0,-1
4,2,1443,2,-1
0,2,1145,0,-1
5,0,1361,2,-1
8,0,361,1,1
2,0,953,2,-1
2,1,93,0,-1
3,1,1114,2,-1
2,1,1027,2,-1
8,0,521,2,-1
4,1,1287,1,1
3,0,231,2,-1
1,2,1114,2,-1
1,2,690,0,-1
3,0,1361,2,-1
7,2,246,0,-1
3,1,766,2,-1
8,0,919,1,1
9,1,1447,2,-1
7,2,296,0,-1
1,0,1274,2,-1
0,2,507,2,-1
1,1,934,0,-1
6,1,82,2,-1
2,0,140,1,-1
4,0,705,0,-1
0,1,713,2,-1
7,2,1204,1,1
1,1,838,0,-1
1,2,1067,0,-1
7,2,797,1,1
7,1,634,1,1
7,0,1085,1,1
1,1,618,1,-1
4,1,163,0,-1
0,0,840,0,-1
1,2,1216,0,-1
5,2,220,1,1
6,1,22,1,-1
2,2,881,0,-1
1,0,306,1,-1
8,2,395,1,1
3,1,885,1,-1
0,2,364,1,-1
7,1,1137,2,-1
6,2,1089,2,-1
5,2,96,0,-1
1,1,1001,2,-1
6,0,1136,2,-1
4,2,994,0,-1
1,0,1122,1,-1
6,2,303,0,-1
0,1,754,2,-1
0,2,1423,2,-1
5,0,431,0,-1
3,0,665,1,-1
6,2,970,0,-1
8,2,715,0,-1
9,2,470,0,-1
3,1,1423,0,-1
8,1,290,0,-1
8,2,1213,1,1
5,1,837,0,-1
3,1,1451,0,-1
5,1,995,1,1
2,2,345,0,-1
9,2,661,0,-1
6,0,1404,0,-1
4,2,625,1,1
4,2,947,0,-1
8,2,26,2,-1
4,2,1256,2,-1
3,1,275,1,-1
9,1,1293,1,1
9,2,1082,1,1
9,2,1044,0,-1
4,0,589,0,-1
0,0,1029,0,-1
5,0,84,2,-1
3,0,786,2,-1
2,0,835,1,-1
3,1,597,1,-1
5,1,404,0,-1
0,1,47,0,-1
4,1,455,0,-1
7,1,404,1,1
5,1,1485,0,-1
7,1,93,2,-1
6,1,1397,0,-1
5,0,115,1,-1
8,2,107,2,-1
6,2,969,1,1
5,2,1082,0,-1
2,1,537,2,-1
5,2,945,0,-1
2,2,336,2,-1
6,1,781,2,-1
8,1,812,2,-1
7,0,230,0,-1
7,1,1072,2,-1
6,0,34,1,-1
1,1,106,2,-1
3,1,1436,0,-1
5,0,1061,2,-1
4,0,1019,1,1
3,1,1030,1,-1
2,2,1193,0,-1
3,1,1203,1,-1
3,0,523,2,-1
6,1,386,0,-1
0,2,1242,0,-1
3,1,504,0,-1
8,1,943,0,-1
5,1,1349,2,-1
2,0,932,0,-1
4,1,168,0,-1
2,1,162,1,-1
3,1,332,1,-1
7,1,64,0,-1
9,0,416,2,-1
1,2,1188,1,1
8,2,1046,0,-1
9,2,45,2,-1
6,0,1059,1,1
8,2,351,1,1
2,2,1121,2,-1
3,2,344,0,-1
0,2,59,1,-1
6,1,130,0,-1
3,0,571,2,-1
1,0,1451,1,-1
0,1,1321,1,-1
6,1,57,0,-1
2,1,652,2,-1
2,1,1187,1,-1
9,1,761,0,-1
3,0,919,2,-1
1,2,1052,1,1
7,1,251,1,1
9,0,1165,2,-1
0,0,1015,2,-1
1,0,1413,1,-1
2,0,921,0,-1
0,2,380,1,-1
3,1,36,2,-1
3,1,861,2,-1
2,0,1290,0,-1
3,1,404,1,-1
0,2,340,0,-1
1,2,858,0,-1
0,1,432,0,-1
1,2,1480,1,1
4,1,775,2,-1
0,2,959,0,-1
2,1,414,0,-1
1,1,888,1,-1
0,2,789,0,-1
0,1,1469,2,-1
7,2,370,0,-1
9,2,1277,2,-1
8,1,1223,1,1
1,0,65,0,-1
9,1,1299,1,1
7,2,1190,0,-1
0,2,106,0,-1
1,0,1157,2,-1
7,1,338,1,1
2,0,865,1,-1
7,1,1466,2,-1
2,1,944,0,-1
5,2,1264,0,-1
8,1,292,1,1
8,2,1392,1,1
8,1,368,1,1
2,1,143,0,-1
4,1,976,2,-1
8,1,1325,0,-1
4,0,990,1,1
8,0,1481,1,1
5,0,527,1,1
4,1,722,1,1
8,1,347,0,-1
2,1,423,2,-1
0,1,518,0,-1
2,2,24,1,-1
9,2,1433,2,-1
3,1,1084,2,-1
6,2,893,2,-1
2,1,345,0,-1
1,1,432,0,-1
5,1,203,1,-1
3,0,1311,2,-1
4,2,153,1,1
8,1,90,0,-1
2,0,678,2,-1
9,2,922,2,-1
4,2,784,2,-1
3,1,906,1,-1
5,2,58,1,1
7,2,1227,0,-1
7,2,330,2,-1
4,0,1165,1,1
9,2,741,0,-1
9,1,31,2,-1
3,2,395,2,-1
7,0,479,1,1
8,0,1025,0,-1
2,0,78,1,-1
9,0,176,0,-1
4,1,612,0,-1
9,1,477,0,-1
8,1,358,2,-1
8,1,268,1,1
4,1,615,0,-1
5,1,882,0,-1
0,0,1422,0,-1
5,1,1383,0,-1
9,2,978,1,1
6,2,1197,2,-1
0,1,1354,1,-1
3,0,644,0,-1
4,0,988,1,1
5,2,886,1,1
3,0,1088,2,-1
9,2,11,1,1
9,1,620,2,-1
2,1,723,2,-1
7,2,1500,1,1
3,2,632,2,-1
5,1,1438,1,1
9,1,1100,2,-1
2,1,697,0,-1
7,1,1355,1,1
0,0,46,0,-1
5,1,424,0,-1
9,0,917,0,-1
7,0,1054,1,1
2,2,1031,1,1
7,1,324,0,-1
5,0,42,2,-1
0,0,724,0,-1
5,2,1360,1,1
2,2,1390,2,-1
8,1,681,0,-1
9,2,1257,0,-1
5,2,1189,1,1
2,2,984,2,-1
2,1,7,2,-1
8,1,13,0,-1
5,2,793,1,1
7,2,1214,0,-1
2,0,538,0,-1
0,1,382,2,-1
5,0,1226,0,-1
8,2,1229,1,1
6,0,889,1,1
0,2,365,1,-1
7,1,605,1,1
5,1,969,2,-1
7,2,831,1,1
0,1,1230,1,-1
7,2,704,2,-1
1,2,621,1,1
5,1,1199,2,-1
0,2,981,0,-1
5,1,1245,0,-1
4,1,897,1,1
5,2,645,1,1
2,1,752,2,-1
6,2,402,2,-1
0,1,650,1,-1
4,0,796,0,-1
2,2,739,0,-1
1,1,368,2,-1
2,1,872,1,-1
5,1,44,2,-1
4,0,1256,0,-1
0,1,95,0,-1
9,1,250,2,-1
9,2,187,2,-1
0,2,573,2,-1
6,2,261,0,-1
0,2,550,0,-1
1,2,577,1,1
2,0,1014,2,-1
0,2,1316,1,1
9,2,713,2,-1
4,0,1086,0,-1
5,0,832,2,-1
1,0,254,2,-1
5,0,698,2,-1
9,1,1116,0,-1
4,1,1170,1,1
1,2,91,0,-1
2,1,1146,1,-1
3,0,590,0,-1
6,1,15,0,-1
8,1,843,1,1
8,0,697,0,-1
7,2,571,1,1
1,2,837,0,-1
4,1,10,0,-1
3,0,1059,0,-1
6,2,101,1,1
9,2,682,2,-1
6,2,1359,0,-1
2,1,225,0,-1
1,2,629,1,1
0,0,701,0,-1
0,0,706,1,-1
3,1,875,2,-1
1,1,143,0,-1
2,0,1337,0,-1
0,1,810,1,-1
8,1,665,0,-1
1,0,600,2,-1
7,1,1246,1,1
3,0,431,1,-1
6,0,458,2,-1
3,0,158,0,-1
0,2,680,1,1
0,2,1197,0,-1
3,2,92,0,-1
9,1,1299,0,-1
2,2,437,0,-1
9,0,1314,0,-1
5,1,312,2,-1
9,2,457,2,-1
2,1,284,1,-1
1,2,323,0,-1
3,1,900,0,-1
7,0,1233,2,-1
5,1,902,2,-1
8,1,351,2,-1
2,0,939,0,-1
4,2,97,1,1
5,1,804,0,-1
5,1,1039,2,-1
8,0,1005,0,-1
3,1,1114,1,-1
5,0,603,2,-1
4,0,131,1,-1
7,0,971,1,1
1,1,582,0,-1
6,2,1198,2,-1
2,1,679,1,-1
8,1,703,0,-1
2,2,244,0,-1
1,1,256,2,-1
7,2,580,0,-1
2,2,102,2,-1
9,0,72,2,-1
6,0,332,2,-1
1,2,282,1,-1
0,2,486,1,-1
3,2,1189,1,1
0,1,563,1,-1
6,2,24,1,1
9,2,251,1,1
8,2,738,1,1
0,0,1435,2,-1
2,1,352,0,-1
4,0,150,2,-1
1,0,1193,2,-1
9,1,1425,2,-1
8,1,1439,2,-1
3,2,8,1,-1
3,0,434,1,-1
9,2,89,0,-1
5,1,951,0,-1
4,0,630,0,-1
1,0,639,1,-1
5,2,11,0,-1
1,2,274,1,-1
1,2,1340,0,-1
3,2,436,2,-1
7,1,648,0,-1
7,0,799,2,-1
2,2,335,2,-1
2,0,1428,0,-1
1,1,1313,0,-1
6,0,69,1,-1
0,2,792,1,1
0,0,809,1,-1
1,2,1428,0,-1
2,1,1055,0,-1
7,2,469,2,-1
6,0,75,1,-1
3,1,680,1,-1
1,2,346,1,-1
1,0,550,0,-1
7,2,1294,1,1
7,2,982,2,-1
1,0,1155,0,-1
2,1,573,1,-1
4,1,523,2,-1
3,1,642,0,-1
0,0,350,2,-1
9,1,1449,1,1
1,1,204,0,-1
4,2,1453,2,-1
6,0,1034,1,1
8,0,117,1,1
0,1,207,1,-1
2,1,235,0,-1
2,2,99,1,-1
5,2,648,0,-1
6,2,295,2,-1
3,2,268,1,-1
9,1,238,0,-1
6,0,1136,2,-1
1,2,41,2,-1
8,2,868,2,-1
4,0,385,2,-1
1,2,564,1,1
9,2,1265,2,-1
3,2,938,2,-1
3,0,571,2,-1
2,0,561,0,-1
5,2,16,2,-1
7,1,1136,0,-1
1,1,1364,1,-1
3,0,1354,1,-1
5,0,89,1,-1
5,0,1132,2,-1
9,1,824,0,-1
4,1,3,1,-1
0,1,1241,2,-1
1,1,1471,2,-1
4,2,3,2,-1
3,1,795,1,-1
5,0,998,2,-1
8,1,290,0,-1
6,1,193,0,-1
8,2,247,0,-1
3,0,949,1,-1
2,1,137,2,-1
1,2,1174,2,-1
5,2,1047,1,1
2,2,118,1,-1
9,1,972,0,-1
6,0,759,0,-1
8,2,825,0,-1
6,2,587,2,-1
7,0,146,1,1
9,1,329,0,-1
4,2,1283,1,1
6,2,773,2,-1
6,1,463,0,-1
8,2,497,1,1
6,2,385,1,1
3,1,646,1,-1
8,0,63,2,-1
0,0,1375,0,-1
2,2,535,0,-1
0,2,183,1,-1
6,1,1286,1,1
7,0,1417,1,1
7,2,1401,0,-1
4,2,1310,2,-1
5,2,118,1,1
7,1,1397,0,-1
3,0,661,1,-1
3,2,1117,2,-1
4,1,952,2,-1
5,2,683,1,1
7,0,1171,1,1
8,0,1039,2,-1
6,2,1475,2,-1
1,1,246,2,-1
3,1,408,0,-1
1,2,1342,1,1
5,1,1140,1,1
2,1,1449,1,-1
4,2,1364,0,-1
5,2,381,1,1
2,2,1175,2,-1
6,2,191,2,-1
7,0,190,0,-1
2,1,71,1,-1
7,1,991,0,-1
2,2,1235,2,-1
2,0,258,0,-1
7,1,1259,0,-1
4,2,138,2,-1
2,1,1245,0,-1
6,2,722,2,-1
7,2,942,1,1
6,1,1339,2,-1
9,0,517,2,-1
2,1,732,2,-1
2,0,804,1,-1
3,2,1450,0,-1
6,2,482,1,1
9,1,210,1,1
9,1,341,0,-1
0,2,905,2,-1
1,0,1218,1,-1
2,1,671,2,-1
0,0,1041,0,-1
5,2,268,0,-1
3,0,492,2,-1
3,2,259,1,-1
1,1,635,0,-1
1,0,1201,0,-1
7,0,401,0,-1
3,2,675,1,1
4,1,810,0,-1
2,2,1092,0,-1
1,2,1159,0,-1
8,1,1008,2,-1
3,2,651,0,-1
8,0,552,2,-1
2,2,1349,1,1
2,2,528,0,-1
2,1,1096,1,-1
4,2,407,0,-1
4,2,238,1,1
7,2,1087,0,-1
5,0,708,0,-1
0,0,137,2,-1
7,0,585,0,-1
4,2,425,0,-1
7,2,315,2,-1
1,1,588,0,-1
1,0,1040,0,-1
0,1,1266,2,-1
8,0,798,0,-1
6,1,503,2,-1
9,2,908,1,1
0,0,337,2,-1
1,2,1208,0,-1
9,2,546,0,-1
3,2,182,0,-1
8,1,333,0,-1
3,1,219,0,-1
4,2,1268,0,-1
8,0,1289,1,1
4,2,554,0,-1
5,1,1444,1,1
0,0,761,0,-1
6,1,767,0,-1
0,2,795,1,1
1,2,1154,1,1
9,0,423,2,-1
9,2,1286,2,-1
2,2,617,2,-1
1,0,609,1,-1
0,1,1496,2,-1
5,0,155,0,-1
3,0,179,2,-1
9,2,465,2,-1
3,2,1422,0,-1
8,2,47,1,1
8,2,638,0,-1
9,1,827,0,-1
0,0,965,0,-1
6,2,127,0,-1
7,2,1434,0,-1
1,0,20,0,-1
2,2,870,0,-1
9,2,1353,1,1
4,2,394,0,-1
7,0,578,0,-1
0,1,1180,2,-1
6,1,560,1,1
2,1,1364,2,-1
7,0,1468,2,-1
9,2,473,1,1
0,2,445,1,-1
9,0,325,0,-1
5,0,916,2,-1
9,1,491,2,-1
8,1,985,1,1
9,2,1287,1,1
0,0,1493,0,-1
2,0,379,0,-1
9,0,1151,1,1
5,0,1013,0,-1
4,0,402,0,-1
4,0,442,1,-1
3,2,1245,0,-1
9,0,803,0,-1
1,0,1288,2,-1
7,2,1107,0,-1
6,2,321,0,-1
1,2,268,0,-1
5,0,1357,2,-1
6,1,456,2,-1
4,0,466,2,-1
6,0,406,0,-1
9,0,1157,1,1
3,2,296,1,-1
6,2,1051,2,-1
9,0,1045,1,1
4,0,22,0,-1
0,1,748,0,-1
1,2,341,0,-1
3,2,858,1,1
1,1,256,0,-1
3,0,1136,0,-1
5,0,1039,2,-1
7,0,139,2,-1
0,1,307,0,-1
6,1,1208,2,-1
9,0,650,2,-1
7,0,1094,1,1
9,0,1145,1,1
0,2,977,1,1
9,0,235,1,1
6,1,968,2,-1
1,1,514,0,-1
2,2,626,1,1
6,2,404,1,1
1,1,420,1,-1
8,2,1014,1,1
3,0,429,1,-1
0,2,1008,2,-1
1,1,1313,1,-1
4,2,1391,0,-1
2,0,1340,1,-1
0,2,584,2,-1
2,0,1049,0,-1
6,1,223,0,-1
1,2,855,2,-1
0,1,555,2,-1
9,1,1338,2,-1
4,2,1450,1,1
9,2,754,0,-1
4,2,133,2,-1
5,0,18,1,-1
5,2,247,2,-1
9,1,941,2,-1
3,0,60,0,-1
3,0,1485,1,-1
8,2,806,0,-1
0,2,1348,1,1
6,0,787,1,1
4,2,1205,0,-1
9,0,496,1,1
3,2,1004,0,-1
8,0,456,1,1
0,1,259,1,-1
4,0,363,2,-1
1,2,1496,1,1
3,1,249,0,-1
3,1,29,2,-1
3,1,1485,0,-1
1,0,1310,0,-1
5,1,933,2,-1
7,1,875,0,-1
0,1,1197,0,-1
5,0,369,0,-1
4,2,1250,1,1
5,0,731,2,-1
3,0,794,1,-1
1,0,681,0,-1
2,2,1291,1,1
9,1,339,2,-1
7,2,228,0,-1
2,1,1167,2,-1
8,2,1161,2,-1
0,1,50,2,-1
9,0,470,1,1
5,0,1428,1,1
1,2,1072,2,-1
5,0,573,0,-1
9,1,47,0,-1
7,0,1173,2,-1
2,0,747,2,-1
4,0,1320,0,-1
7,0,323,1,1
2,0,527,0,-1
5,0,1197,1,1
1,0,360,1,-1
4,2,888,2,-1
8,0,1271,0,-1
2,2,1195,1,1
5,0,306,0,-1
6,0,1050,2,-1
9,2,902,0,-1
3,2,541,2,-1
7,1,789,2,-1
2,2,524,0,-1
4,1,13,1,-1
5,2,623,0,-1
9,1,1000,2,-1
9,2,1279,1,1
6,1,816,1,1
9,1,856,1,1
2,1,944,0,-1
1,2,1320,0,-1
1,1,632,0,-1
5,0,1277,2,-1
5,1,597,0,-1
2,2,91,0,-1
2,1,227,2,-1
1,0,165,0,-1
0,1,1399,2,-1
3,2,279,0,-1
0,2,1239,0,-1
2,1,188,2,-1
9,0,1101,2,-1
6,2,463,2,-1
2,0,1402,2,-1
0,2,1122,1,1
9,1,1278,2,-1
2,1,1476,0,-1
3,1,472,0,-1
5,0,1211,0,-1
9,0,274,0,-1
4,2,439,2,-1
3,2,1177,2,-1
9,1,783,0,-1
1,0,476,2,-1
4,1,1351,2,-1
6,2,1441,1,1
5,1,122,2,-1
2,1,1251,0,-1
5,1,1373,1,1
8,1,493,0,-1
0,2,563,1,1
6,1,980,2,-1
6,1,338,1,-1
0,1,489,0,-1
7,1,306,2,-1
9,0,345,2,-1
9,2,811,0,-1
7,1,1347,0,-1
9,2,1489,2,-1
4,2,1286,0,-1
3,2,534,2,-1
4,1,251,2,-1
6,1,885,1,1
6,0,838,0,-1
1,1,1391,1,-1
5,2,289,0,-1
7,1,865,2,-1
1,1,1472,2,-1
3,2,1236,0,-1
3,1,1311,2,-1
7,2,1412,2,-1
8,1,10,0,-1
8,0,422,1,1
6,0,1166,1,1
5,1,216,0,-1
8,0,462,2,-1
5,0,1078,2,-1
3,2,988,0,-1
6,2,605,1,1
7,1,1175,2,-1
5,1,964,2,-1
3,2,473,1,-1
1,1,1087,1,-1
2,0,1326,2,-1
8,2,1100,2,-1
5,2,196,2,-1
5,1,1467,1,1
3,2,1148,2,-1
8,2,1183,2,-1
6,0,103,1,-1
9,0,834,2,-1
7,1,1420,1,1
2,1,599,1,-1
9,0,805,0,-1
2,2,1477,1,1
6,0,1381,0,-1
9,1,685,2,-1
5,2,840,0,-1
9,2,412,2,-1
7,1,514,1,1
9,1,279,0,-1
1,0,831,0,-1
1,2,1020,0,-1
4,0,663,1,1
9,0,771,1,1
9,0,1325,2,-1
9,2,838,1,1
3,1,463,2,-1
1,1,708,2,-1
7,1,905,2,-1
1,2,961,1,1
8,2,780,0,-1
8,1,1429,0,-1
4,1,1405,0,-1
5,2,376,1,1
5,2,101,1,1
2,1,1040,1,-1
4,0,376,2,-1
0,1,1158,0,-1
7,0,589,2,-1
6,0,662,2,-1
1,2,777,1,1
1,1,311,0,-1
2,0,870,0,-1
3,0,932,0,-1
9,1,1188,2,-1
4,1,841,1,1
8,0,689,1,1
1,1,1340,0,-1
9,2,1458,0,-1
0,1,371,2,-1
9,1,1154,2,-1
3,0,317,0,-1
1,0,1304,1,-1
1,2,1064,1,1
4,0,1331,0,-1
7,0,707,2,-1
4,2,449,0,-1
5,0,469,2,-1
1,0,119,2,-1
8,2,53,0,-1
5,2,1296,2,-1
0,1,917,2,-1
1,2,1110,0,-1
3,0,455,2,-1
6,0,1180,0,-1
4,1,711,2,-1
5,1,502,2,-1
7,0,1411,2,-1
4,1,102,2,-1
2,2,426,2,-1
0,2,447,2,-1
1,0,1423,1,-1
7,2,1386,1,1
6,1,400,1,-1
0,1,1467,0,-1
9,0,178,2,-1
9,1,709,0,-1
5,0,447,2,-1
3,2,281,1,-1
7,1,313,2,-1
4,0,1098,0,-1
2,0,1370,2,-1
0,0,733,1,-1
9,2,780,0,-1
1,0,226,0,-1
8,1,1151,0,-1
7,1,1145,2,-1
1,2,303,1,-1
1,1,608,1,-1
0,0,1436,0,-1
5,0,1380,1,1
6,0,420,1,-1
6,0,1301,2,-1
7,2,1266,1,1
9,1,979,0,-1
3,2,515,2,-1
8,2,332,2,-1
9,1,407,2,-1
3,0,1088,2,-1
7,1,1167,1,1
8,2,287,1,1
4,0,379,2,-1
3,0,379,2,-1
2,1,1221,0,-1
4,1,1261,1,1
2,2,201,0,-1
7,1,534,0,-1
0,2,800,0,-1
5,0,155,1,-1
6,2,462,0,-1
9,2,1134,0,-1
7,2,1469,0,-1
3,2,374,1,-1
1,1,974,0,-1
9,1,1449,2,-1
2,1,1395,2,-1
7,0,787,2,-1
5,1,1412,2,-1
9,0,769,0,-1
8,1,1090,0,-1
2,2,883,2,-1
3,1,771,0,-1
5,0,1163,2,-1
5,0,160,2,-1
3,1,1212,2,-1
4,1,844,0,-1
0,2,1451,1,1
5,2,521,2,-1
2,2,1099,2,-1
2,1,360,0,-1
8,0,588,1,1
5,0,945,2,-1
3,0,890,2,-1
3,0,917,2,-1
5,2,182,0,-1
3,1,646,0,-1
5,1,838,0,-1
3,0,1089,2,-1
3,1,842,2,-1
6,1,491,1,-1
7,0,842,0,-1
0,2,1272,2,-1
9,0,965,0,-1
6,1,1014,1,1
4,1,1097,0,-1
7,1,1416,0,-1
6,1,1096,2,-1
4,2,407,1,1
1,0,798,2,-1
4,0,1468,1,1
5,1,857,0,-1
4,0,1241,2,-1
9,0,882,2,-1
0,2,1119,2,-1
3,0,87,2,-1
5,1,959,2,-1
7,0,1233,0,-1
9,1,1317,0,-1
3,1,108,0,-1
5,0,1045,2,-1
5,1,1028,1,1
1,0,762,2,-1
4,0,881,0,-1
4,2,1306,0,-1
1,2,752,0,-1
2,2,1151,2,-1
7,0,695,1,1
0,2,312,0,-1
2,2,1425,0,-1
0,0,267,1,-1
3,0,1209,1,-1
8,2,1258,2,-1
3,0,242,1,-1
8,1,621,2,-1
7,0,1116,1,1
8,1,864,0,-1
7,0,917,0,-1
1,2,1153,0,-1
7,0,1161,0,-1
8,2,1043,2,-1
3,2,549,2,-1
5,2,29,2,-1
0,0,4,1,-1
6,1,849,0,-1
2,0,379,2,-1
2,1,197,0,-1
4,2,876,1,1
2,2,867,0,-1
6,0,1226,1,1
1,1,1278,1,-1
4,1,305,1,-1
7,1,1095,0,-1
7,0,1196,0,-1
3,0,1320,0,-1
7,0,126,0,-1
0,0,579,1,-1
2,1,236,1,-1
9,1,1371,0,-1
6,0,310,2,-1
4,0,1103,2,-1
1,0,1493,1,-1
0,2,1493,1,1
0,2,784,2,-1
6,1,670,1,1
7,2,291,0,-1
3,2,270,2,-1
0,2,354,2,-1
3,0,845,2,-1
9,0,1105,1,1
8,1,391,2,-1
9,2,1033,1,1
0,0,1189,1,-1
9,2,794,0,-1
6,2,1359,1,1
1,0,465,0,-1
3,2,973,0,-1
9,2,776,0,-1
8,0,1344,1,1
2,2,854,0,-1
8,2,184,2,-1
2,0,921,0,-1
8,0,1014,1,1
4,0,187,1,-1
7,2,430,0,-1
2,2,863,1,1
4,2,1243,1,1
8,1,408,1,1
8,0,452,1,1
4,0,328,1,-1
1,0,329,1,-1
6,0,392,1,-1
0,1,346,1,-1
0,1,727,1,-1
8,2,1036,0,-1
9,2,785,0,-1
8,0,1103,2,-1
0,0,853,0,-1
4,2,1074,0,-1
6,2,16,0,-1
5,1,470,1,-1
6,1,464,2,-1
6,1,482,2,-1
7,1,193,0,-1
1,2,1109,1,1
8,1,50,1,1
0,2,756,1,1
6,1,521,1,1
2,1,971,2,-1
3,0,794,0,-1
3,1,1137,0,-1
7,0,572,1,1
1,2,826,2,-1
4,0,1491,0,-1
0,2,1433,2,-1
5,1,1167,0,-1
5,1,911,1,1
4,0,457,2,-1
2,0,828,0,-1
0,1,241,2,-1
0,0,1124,0,-1
2,2,579,2,-1
8,1,687,2,-1
1,0,1343,1,-1
1,0,63,2,-1
5,2,695,1,1
7,0,103,1,1
7,2,1320,1,1
2,2,1015,1,1
2,1,1054,0,-1
0,1,1284,2,-1
5,2,881,1,1
2,2,226,0,-1
2,0,617,1,-1
1,1,399,0,-1
8,1,233,1,1
2,1,1312,0,-1
3,1,471,0,-1
5,2,185,1,1
7,2,99,2,-1
8,2,226,1,1
5,2,1333,2,-1
6,0,323,2,-1
4,2,61,1,1
2,1,408,0,-1
7,2,1322,1,1
7,2,630,2,-1
4,2,1141,0,-1
5,0,1096,0,-1
3,0,878,2,-1
8,1,496,2,-1
1,0,582,0,-1
5,2,322,1,1
4,2,981,2,-1
3,2,430,2,-1
1,1,826,0,-1
7,2,952,1,1
3,0,361,1,-1
7,2,305,1,1
3,0,914,0,-1
6,1,1390,1,1
0,0,1370,2,-1
5,0,642,2,-1
6,1,378,0,-1
4,2,792,1,1
4,0,962,1,1
3,1,32,0,-1
9,1,1226,2,-1
5,1,1111,2,-1
3,1,1375,2,-1
0,1,482,1,-1
5,0,844,2,-1
1,0,1282,1,-1
3,0,653,2,-1
1,1,939,0,-1
9,2,483,1,1
2,1,915,0,-1
7,2,373,0,-1
6,0,610,1,1
3,0,1050,0,-1
4,1,983,2,-1
5,2,340,2,-1
4,1,1257,2,-1
6,1,1209,1,1
6,0,1120,1,1
8,1,1421,0,-1
8,2,1386,2,-1
4,2,712,0,-1
1,1,320,2,-1
6,2,1411,1,1
9,1,1069,2,-1
8,2,709,2,-1
9,1,731,2,-1
8,0,686,0,-1
1,2,212,2,-1
9,1,1419,2,-1
0,2,864,2,-1
4,0,249,2,-1
2,0,755,0,-1
7,0,847,1,1
4,0,1006,2,-1
7,1,418,2,-1
5,1,1465,0,-1
4,1,1403,1,1
2,0,938,1,-1
8,1,65,1,1
6,2,1094,0,-1
6,2,52,1,1
4,1,618,0,-1
9,2,1316,1,1
8,1,671,0,-1
4,2,604,0,-1
8,0,1241,1,1
1,1,575,0,-1
4,2,1153,0,-1
4,2,187,0,-1
7,2,1199,1,1
7,1,599,1,1
7,1,1324,2,-1
2,1,1161,1,-1
9,2,1282,1,1
5,1,1301,0,-1
6,0,820,0,-1
4,2,344,0,-1
7,2,937,2,-1
7,0,1207,0,-1
4,2,340,1,1
9,0,227,0,-1
7,2,446,0,-1
3,1,1384,2,-1
9,0,483,2,-1
3,2,314,1,-1
7,1,109,0,-1
2,0,852,2,-1
6,2,1321,1,1
4,2,1441,1,1
6,0,741,2,-1
8,2,1078,1,1
8,0,338,0,-1
5,2,946,0,-1
7,0,211,0,-1
7,1,1274,0,-1
0,0,1081,2,-1
7,2,710,1,1
2,0,1245,1,-1
2,1,366,2,-1
5,1,242,1,-1
2,2,337,1,-1
2,1,1029,1,-1
9,1,1189,2,-1
7,1,303,2,-1
3,1,829,0,-1
0,0,931,2,-1
2,0,1241,0,-1
8,1,1392,0,-1
3,1,1137,2,-1
1,0,52,1,-1
1,1,1011,1,-1
9,0,9,2,-1
8,2,1135,2,-1
4,0,231,0,-1
3,0,1485,0,-1
8,0,587,1,1
5,0,779,1,1
9,2,964,2,-1
1,0,1205,0,-1
5,2,268,0,-1
2,2,911,2,-1
0,0,1293,2,-1
4,1,935,2,-1
5,2,649,1,1
4,2,872,0,-1
5,1,392,1,-1
0,2,1172,1,1
4,0,181,2,-1
1,2,1443,1,1
8,2,910,1,1
8,1,766,2,-1
0,1,996,2,-1
4,2,1397,1,1
9,0,933,1,1
0,1,746,2,-1
9,0,13,1,1
9,1,1474,1,1
8,0,48,0,-1
9,2,142,0,-1
5,1,1496,1,1
2,0,902,1,-1
3,1,972,1,-1
4,2,1485,2,-1
9,1,754,1,1
6,0,4,0,-1
0,2,806,1,1
4,0,1499,0,-1
8,1,1407,2,-1
0,2,842,2,-1
8,0,209,2,-1
4,2,905,2,-1
5,2,1454,2,-1
2,2,508,0,-1
6,0,1356,0,-1
5,1,1111,2,-1
0,1,635,1,-1
9,0,121,0,-1
3,2,1206,2,-1
8,2,1164,0,-1
8,1,593,2,-1
3,2,793,1,1
4,2,621,0,-1
5,1,415,1,-1
9,0,64,1,1
3,2,237,2,-1
4,1,1280,1,1
8,0,377,0,-1
0,1,206,2,-1
8,0,1178,1,1
6,0,833,0,-1
4,1,453,0,-1
5,0,382,0,-1
5,1,1087,0,-1
5,1,644,1,1
9,1,1186,1,1
7,1,1277,2,-1
0,1,600,0,-1
2,0,482,1,-1
6,1,567,1,1
1,1,390,0,-1
6,2,644,2,-1
1,0,459,0,-1
8,2,1100,1,1
7,0,1385,0,-1
6,2,499,2,-1
7,0,1301,2,-1
4,0,1356,0,-1
7,2,759,1,1
2,2,823,0,-1
9,2,243,2,-1
6,2,113,0,-1
2,0,557,1,-1
8,1,510,1,1
6,1,1048,2,-1
3,1,765,0,-1
2,1,294,1,-1
0,0,1356,2,-1
1,0,1361,1,-1
8,2,1075,0,-1
3,1,674,0,-1
9,1,1158,0,-1
4,0,959,0,-1
5,2,510,0,-1
9,1,179,1,1
3,2,93,1,-1
4,0,479,2,-1
6,1,927,2,-1
6,0,157,0,-1
1,0,937,1,-1
9,1,1377,1,1
2,0,1181,1,-1
1,1,1252,0,-1
3,2,1402,1,1
9,0,355,2,-1
1,2,888,1,1
4,0,873,0,-1
9,2,830,0,-1
4,0,1187,2,-1
0,1,286,1,-1
0,0,1188,1,-1
1,2,1000,0,-1
2,1,1240,0,-1
5,0,1053,2,-1
8,1,208,0,-1
8,2,1406,1,1
8,1,165,2,-1
3,0,164,0,-1
7,0,306,0,-1
4,1,327,0,-1
8,0,1189,2,-1
2,1,825,1,-1
0,2,259,1,-1
2,2,84,2,-1
3,0,867,2,-1
3,2,595,2,-1
9,0,933,1,1
8,2,1142,0,-1
1,2,1028,0,-1
0,0,1161,0,-1
6,1,209,2,-1
2,1,1012,0,-1
7,0,773,0,-1
2,2,553,1,1
7,1,514,0,-1
6,0,1273,0,-1
6,1,748,0,-1
0,0,866,0,-1
8,1,945,0,-1
7,0,985,0,-1
0,2,92,1,-1
4,1,860,0,-1
1,1,513,0,-1
0,0,972,2,-1
4,0,122,0,-1
4,2,1009,1,1
7,1,1146,2,-1
8,2,741,2,-1
6,0,153,1,-1
7,1,350,2,-1
9,2,323,1,1
4,0,13,2,-1
2,1,5,0,-1
4,1,1489,2,-1
2,1,898,0,-1
0,1,1357,0,-1
2,0,245,0,-1
7,2,1260,0,-1
0,2,891,2,-1
3,1,1332,1,-1
2,0,1418,0,-1
4,0,1489,0,-1
8,2,685,1,1
9,0,559,0,-1
0,2,1262,1,1
9,2,815,1,1
7,1,696,1,1
0,2,744,0,-1
9,2,627,0,-1
1,0,126,0,-1
0,2,1446,2,-1
0,1,1282,2,-1
3,0,413,1,-1
6,0,899,0,-1
6,0,1244,0,-1
9,0,1491,2,-1
3,1,746,2,-1
4,1,678,2,-1
3,1,1304,2,-1
4,0,466,2,-1
8,1,1295,2,-1
4,1,597,0,-1
6,0,100,0,-1
7,1,484,2,-1
9,0,5,2,-1
4,1,1269,2,-1
1,0,1441,0,-1
7,0,1276,2,-1
8,0,769,1,1
8,0,1347,0,-1
4,2,453,0,-1
4,0,1021,0,-1
8,0,83,2,-1
7,0,420,1,1
9,2,780,2,-1
7,0,948,2,-1
3,0,740,2,-1
2,2,1134,2,-1
2,2,1121,2,-1
2,1,429,0,-1
0,0,352,0,-1
0,2,607,1,1
8,2,1216,2,-1
6,1,698,1,1
6,2,365,2,-1
4,2,160,2,-1
7,2,1334,0,-1
4,1,592,1,1
9,2,177,1,1
3,0,706,1,-1
5,1,1169,2,-1
8,0,422,0,-1
2,1,336,1,-1
6,0,1347,1,1
8,2,983,0,-1
8,1,926,2,-1
4,1,124,1,-1
3,1,4,0,-1
1,0,740,2,-1
3,2,999,1,1
3,0,1009,1,-1
2,0,679,1,-1
8,1,1326,2,-1
8,0,1137,0,-1
6,1,1336,2,-1
3,0,7,2,-1
3,1,342,1,-1
5,2,290,2,-1
4,0,1415,1,1
1,1,471,0,-1
0,1,1365,0,-1
1,2,23,2,-1
1,1,1084,2,-1
1,2,533,2,-1
4,1,745,1,1
1,0,825,0,-1
0,1,258,0,-1
5,1,212,1,-1
4,0,750,0,-1
2,2,806,2,-1
8,2,974,2,-1
4,2,286,2,-1
5,1,1172,2,-1
7,0,160,2,-1
3,1,622,2,-1
7,0,325,1,1
1,2,48,2,-1
8,0,1227,0,-1
7,2,15,2,-1
0,1,941,0,-1
3,2,1139,2,-1
0,2,821,0,-1
7,0,793,2,-1
0,2,761,0,-1
0,1,729,0,-1
3,0,1386,2,-1
9,1,666,0,-1
1,0,391,2,-1
8,0,872,0,-1
6,2,89,1,1
4,0,89,0,-1
4,1,1286,2,-1
2,0,164,2,-1
0,0,1126,1,-1
7,1,586,2,-1
